codigo_ibge,nome,latitude,longitude,capital,codigo_uf,siafi_id,ddd,fuso_horario,nome_normalizado
4200051,Abdon Batista,-27.6126,-51.0233,0,42,9939,49,America/Sao_Paulo,ABDON BATISTA
4200101,Abelardo Luz,-26.5716,-52.3229,0,42,8001,49,America/Sao_Paulo,ABELARDO LUZ
4200200,Agrolândia,-27.4087,-49.822,0,42,8003,47,America/Sao_Paulo,AGROLANDIA
4200309,Agronômica,-27.2662,-49.708,0,42,8005,47,America/Sao_Paulo,AGRONOMICA
4200408,Água Doce,-26.9985,-51.5528,0,42,8007,49,America/Sao_Paulo,AGUA DOCE
4200507,Águas de Chapecó,-27.0754,-52.9808,0,42,8009,49,America/Sao_Paulo,AGUAS DE CHAPECO
4200556,Águas Frias,-26.8794,-52.8568,0,42,5577,49,America/Sao_Paulo,AGUAS FRIAS
4200606,Águas Mornas,-27.6963,-48.8243,0,42,8011,48,America/Sao_Paulo,AGUAS MORNAS
4200705,Alfredo Wagner,-27.7001,-49.3273,0,42,8013,48,America/Sao_Paulo,ALFREDO WAGNER
4200754,Alto Bela Vista,-27.4333,-51.9044,0,42,886,49,America/Sao_Paulo,ALTO BELA VISTA
4200804,Anchieta,-26.5382,-53.3319,0,42,8015,49,America/Sao_Paulo,ANCHIETA
4200903,Angelina,-27.5704,-48.9879,0,42,8017,48,America/Sao_Paulo,ANGELINA
4201000,Anita Garibaldi,-27.6897,-51.1271,0,42,8019,49,America/Sao_Paulo,ANITA GARIBALDI
4201109,Anitápolis,-27.9012,-49.1316,0,42,8021,48,America/Sao_Paulo,ANITAPOLIS
4201208,Antônio Carlos,-27.5191,-48.766,0,42,8023,48,America/Sao_Paulo,ANTONIO CARLOS
4201257,Apiúna,-27.0375,-49.3885,0,42,9941,47,America/Sao_Paulo,APIUNA
4201273,Arabutã,-27.1587,-52.1423,0,42,5597,49,America/Sao_Paulo,ARABUTA
4201307,Araquari,-26.3754,-48.7188,0,42,8025,47,America/Sao_Paulo,ARAQUARI
4201406,Araranguá,-28.9356,-49.4918,0,42,8027,48,America/Sao_Paulo,ARARANGUA
4201505,Armazém,-28.2448,-49.0215,0,42,8029,48,America/Sao_Paulo,ARMAZEM
4201604,Arroio Trinta,-26.9257,-51.3407,0,42,8031,49,America/Sao_Paulo,ARROIO TRINTA
4201653,Arvoredo,-27.0748,-52.4543,0,42,5599,49,America/Sao_Paulo,ARVOREDO
4201703,Ascurra,-26.9548,-49.3783,0,42,8033,47,America/Sao_Paulo,ASCURRA
4201802,Atalanta,-27.4219,-49.7789,0,42,8035,47,America/Sao_Paulo,ATALANTA
4201901,Aurora,-27.3098,-49.6295,0,42,8037,47,America/Sao_Paulo,AURORA
4201950,Balneário Arroio do Silva,-28.9806,-49.4237,0,42,888,48,America/Sao_Paulo,BALNEARIO ARROIO DO SILVA
4202057,Balneário Barra do Sul,-26.4597,-48.6123,0,42,5549,47,America/Sao_Paulo,BALNEARIO BARRA DO SUL
4202008,Balneário Camboriú,-26.9926,-48.6352,0,42,8039,47,America/Sao_Paulo,BALNEARIO CAMBORIU
4202073,Balneário Gaivota,-29.1527,-49.5841,0,42,890,48,America/Sao_Paulo,BALNEARIO GAIVOTA
4212809,Balneário Piçarras,-26.7639,-48.6717,0,42,8251,47,America/Sao_Paulo,BALNEARIO PICARRAS
4220000,Balneário Rincão,-28.8314,-49.2352,0,42,1192,48,America/Sao_Paulo,BALNEARIO RINCAO
4202081,Bandeirante,-26.7705,-53.6413,0,42,892,49,America/Sao_Paulo,BANDEIRANTE
4202099,Barra Bonita,-26.654,-53.44,0,42,894,49,America/Sao_Paulo,BARRA BONITA
4202107,Barra Velha,-26.637,-48.6933,0,42,8041,47,America/Sao_Paulo,BARRA VELHA
4202131,Bela Vista do Toldo,-26.2746,-50.4664,0,42,896,47,America/Sao_Paulo,BELA VISTA DO TOLDO
4202156,Belmonte,-26.843,-53.5758,0,42,5745,49,America/Sao_Paulo,BELMONTE
4202206,Benedito Novo,-26.781,-49.3593,0,42,8043,47,America/Sao_Paulo,BENEDITO NOVO
4202305,Biguaçu,-27.496,-48.6598,0,42,8045,48,America/Sao_Paulo,BIGUACU
4202404,Blumenau,-26.9155,-49.0709,0,42,8047,47,America/Sao_Paulo,BLUMENAU
4202438,Bocaina do Sul,-27.7455,-49.9423,0,42,898,49,America/Sao_Paulo,BOCAINA DO SUL
4202503,Bom Jardim da Serra,-28.3377,-49.6373,0,42,8389,49,America/Sao_Paulo,BOM JARDIM DA SERRA
4202537,Bom Jesus,-26.7326,-52.3919,0,42,900,49,America/Sao_Paulo,BOM JESUS
4202578,Bom Jesus do Oeste,-26.6927,-53.0967,0,42,902,49,America/Sao_Paulo,BOM JESUS DO OESTE
4202602,Bom Retiro,-27.799,-49.487,0,42,8049,49,America/Sao_Paulo,BOM RETIRO
4202453,Bombinhas,-27.1382,-48.5146,0,42,5537,47,America/Sao_Paulo,BOMBINHAS
4202701,Botuverá,-27.2007,-49.0689,0,42,8051,47,America/Sao_Paulo,BOTUVERA
4202800,Braço do Norte,-28.2681,-49.1701,0,42,8053,48,America/Sao_Paulo,BRACO DO NORTE
4202859,Braço do Trombudo,-27.3586,-49.8821,0,42,5557,47,America/Sao_Paulo,BRACO DO TROMBUDO
4202875,Brunópolis,-27.3058,-50.8684,0,42,904,49,America/Sao_Paulo,BRUNOPOLIS
4202909,Brusque,-27.0977,-48.9107,0,42,8055,47,America/Sao_Paulo,BRUSQUE
4203006,Caçador,-26.7757,-51.012,0,42,8057,49,America/Sao_Paulo,CACADOR
4203105,Caibi,-27.0741,-53.2458,0,42,8059,49,America/Sao_Paulo,CAIBI
4203154,Calmon,-26.5942,-51.095,0,42,5553,49,America/Sao_Paulo,CALMON
4203204,Camboriú,-27.0241,-48.6503,0,42,8061,47,America/Sao_Paulo,CAMBORIU
4203303,Campo Alegre,-26.195,-49.2676,0,42,8063,47,America/Sao_Paulo,CAMPO ALEGRE
4203402,Campo Belo do Sul,-27.8975,-50.7595,0,42,8065,49,America/Sao_Paulo,CAMPO BELO DO SUL
4203501,Campo Erê,-26.3931,-53.0856,0,42,8067,49,America/Sao_Paulo,CAMPO ERE
4203600,Campos Novos,-27.4002,-51.2276,0,42,8069,49,America/Sao_Paulo,CAMPOS NOVOS
4203709,Canelinha,-27.2616,-48.7658,0,42,8071,48,America/Sao_Paulo,CANELINHA
4203808,Canoinhas,-26.1766,-50.395,0,42,8073,47,America/Sao_Paulo,CANOINHAS
4203253,Capão Alto,-27.9389,-50.5098,0,42,906,49,America/Sao_Paulo,CAPAO ALTO
4203907,Capinzal,-27.3473,-51.6057,0,42,8075,49,America/Sao_Paulo,CAPINZAL
4203956,Capivari de Baixo,-28.4498,-48.9631,0,42,5545,48,America/Sao_Paulo,CAPIVARI DE BAIXO
4204004,Catanduvas,-27.069,-51.6602,0,42,8077,49,America/Sao_Paulo,CATANDUVAS
4204103,Caxambu do Sul,-27.1624,-52.8807,0,42,8079,49,America/Sao_Paulo,CAXAMBU DO SUL
4204152,Celso Ramos,-27.6327,-51.335,0,42,9943,49,America/Sao_Paulo,CELSO RAMOS
4204178,Cerro Negro,-27.7942,-50.8673,0,42,5567,49,America/Sao_Paulo,CERRO NEGRO
4204194,Chapadão do Lageado,-27.5905,-49.5539,0,42,908,47,America/Sao_Paulo,CHAPADAO DO LAGEADO
4204202,Chapecó,-27.1004,-52.6152,0,42,8081,49,America/Sao_Paulo,CHAPECO
4204251,Cocal do Sul,-28.5986,-49.3335,0,42,5543,48,America/Sao_Paulo,COCAL DO SUL
4204301,Concórdia,-27.2335,-52.026,0,42,8083,49,America/Sao_Paulo,CONCORDIA
4204350,Cordilheira Alta,-26.9844,-52.6056,0,42,5579,49,America/Sao_Paulo,CORDILHEIRA ALTA
4204400,Coronel Freitas,-26.9057,-52.7011,0,42,8085,49,America/Sao_Paulo,CORONEL FREITAS
4204459,Coronel Martins,-26.511,-52.6694,0,42,5735,49,America/Sao_Paulo,CORONEL MARTINS
4204558,Correia Pinto,-27.5877,-50.3614,0,42,8395,49,America/Sao_Paulo,CORREIA PINTO
4204509,Corupá,-26.4246,-49.246,0,42,8087,47,America/Sao_Paulo,CORUPA
4204608,Criciúma,-28.6723,-49.3729,0,42,8089,48,America/Sao_Paulo,CRICIUMA
4204707,Cunha Porã,-26.895,-53.1662,0,42,8091,49,America/Sao_Paulo,CUNHA PORA
4204756,Cunhataí,-26.9709,-53.0895,0,42,910,49,America/Sao_Paulo,CUNHATAI
4204806,Curitibanos,-27.2824,-50.5816,0,42,8093,49,America/Sao_Paulo,CURITIBANOS
4204905,Descanso,-26.827,-53.5034,0,42,8095,49,America/Sao_Paulo,DESCANSO
4205001,Dionísio Cerqueira,-26.2648,-53.6351,0,42,8097,49,America/Sao_Paulo,DIONISIO CERQUEIRA
4205100,Dona Emma,-26.981,-49.7261,0,42,8099,47,America/Sao_Paulo,DONA EMMA
4205159,Doutor Pedrinho,-26.7174,-49.4795,0,42,9945,47,America/Sao_Paulo,DOUTOR PEDRINHO
4205175,Entre Rios,-26.7225,-52.5585,0,42,912,49,America/Sao_Paulo,ENTRE RIOS
4205191,Ermo,-28.9869,-49.643,0,42,914,48,America/Sao_Paulo,ERMO
4205209,Erval Velho,-27.2743,-51.443,0,42,8101,49,America/Sao_Paulo,ERVAL VELHO
4205308,Faxinal dos Guedes,-26.8451,-52.2596,0,42,8103,49,America/Sao_Paulo,FAXINAL DOS GUEDES
4205357,Flor do Sertão,-26.7811,-53.3505,0,42,916,49,America/Sao_Paulo,FLOR DO SERTAO
4205407,Florianópolis,-27.5945,-48.5477,1,42,8105,48,America/Sao_Paulo,FLORIANOPOLIS
4205431,Formosa do Sul,-26.6453,-52.7946,0,42,5581,49,America/Sao_Paulo,FORMOSA DO SUL
4205456,Forquilhinha,-28.7454,-49.4785,0,42,973,48,America/Sao_Paulo,FORQUILHINHA
4205506,Fraiburgo,-27.0233,-50.92,0,42,8107,49,America/Sao_Paulo,FRAIBURGO
4205555,Frei Rogério,-27.175,-50.8076,0,42,918,49,America/Sao_Paulo,FREI ROGERIO
4205605,Galvão,-26.4549,-52.6875,0,42,8109,49,America/Sao_Paulo,GALVAO
4205704,Garopaba,-28.0275,-48.6192,0,42,8113,48,America/Sao_Paulo,GAROPABA
4205803,Garuva,-26.0292,-48.852,0,42,8115,47,America/Sao_Paulo,GARUVA
4205902,Gaspar,-26.9336,-48.9534,0,42,8117,47,America/Sao_Paulo,GASPAR
4206009,Governador Celso Ramos,-27.3172,-48.5576,0,42,8111,48,America/Sao_Paulo,GOVERNADOR CELSO RAMOS
4206108,Grão Pará,-28.1809,-49.2252,0,42,8119,48,America/Sao_Paulo,GRAO PARA
4206207,Gravatal,-28.3208,-49.0427,0,42,8121,48,America/Sao_Paulo,GRAVATAL
4206306,Guabiruba,-27.0808,-48.9804,0,42,8123,47,America/Sao_Paulo,GUABIRUBA
4206405,Guaraciaba,-26.6042,-53.5243,0,42,8125,49,America/Sao_Paulo,GUARACIABA
4206504,Guaramirim,-26.4688,-49.0026,0,42,8127,47,America/Sao_Paulo,GUARAMIRIM
4206603,Guarujá do Sul,-26.3858,-53.5296,0,42,8129,49,America/Sao_Paulo,GUARUJA DO SUL
4206652,Guatambú,-27.1341,-52.7887,0,42,5583,49,America/Sao_Paulo,GUATAMBU
4206702,Herval d'Oeste,-27.1903,-51.4917,0,42,8131,49,America/Sao_Paulo,HERVAL D OESTE
4206751,Ibiam,-27.1847,-51.2352,0,42,920,49,America/Sao_Paulo,IBIAM
4206801,Ibicaré,-27.0881,-51.3681,0,42,8133,49,America/Sao_Paulo,IBICARE
4206900,Ibirama,-27.0547,-49.5193,0,42,8135,47,America/Sao_Paulo,IBIRAMA
4207007,Içara,-28.7132,-49.3087,0,42,8137,48,America/Sao_Paulo,ICARA
4207106,Ilhota,-26.9023,-48.8251,0,42,8139,47,America/Sao_Paulo,ILHOTA
4207205,Imaruí,-28.3339,-48.817,0,42,8141,48,America/Sao_Paulo,IMARUI
4207304,Imbituba,-28.2284,-48.6659,0,42,8143,48,America/Sao_Paulo,IMBITUBA
4207403,Imbuia,-27.4908,-49.4218,0,42,8145,47,America/Sao_Paulo,IMBUIA
4207502,Indaial,-26.8992,-49.2354,0,42,8147,47,America/Sao_Paulo,INDAIAL
4207577,Iomerê,-27.0019,-51.2442,0,42,922,49,America/Sao_Paulo,IOMERE
4207601,Ipira,-27.4038,-51.7758,0,42,8149,49,America/Sao_Paulo,IPIRA
4207650,Iporã do Oeste,-26.9854,-53.5355,0,42,9951,49,America/Sao_Paulo,IPORA DO OESTE
4207684,Ipuaçu,-26.635,-52.4556,0,42,5737,49,America/Sao_Paulo,IPUACU
4207700,Ipumirim,-27.0772,-52.1289,0,42,8151,49,America/Sao_Paulo,IPUMIRIM
4207759,Iraceminha,-26.8215,-53.2767,0,42,9953,49,America/Sao_Paulo,IRACEMINHA
4207809,Irani,-27.0287,-51.9012,0,42,8153,49,America/Sao_Paulo,IRANI
4207858,Irati,-26.6539,-52.8955,0,42,5585,49,America/Sao_Paulo,IRATI
4207908,Irineópolis,-26.242,-50.7957,0,42,8155,47,America/Sao_Paulo,IRINEOPOLIS
4208005,Itá,-27.2907,-52.3212,0,42,8157,49,America/Sao_Paulo,ITA
4208104,Itaiópolis,-26.339,-49.9092,0,42,8159,47,America/Sao_Paulo,ITAIOPOLIS
4208203,Itajaí,-26.9101,-48.6705,0,42,8161,47,America/Sao_Paulo,ITAJAI
4208302,Itapema,-27.0861,-48.616,0,42,8163,47,America/Sao_Paulo,ITAPEMA
4208401,Itapiranga,-27.1659,-53.7166,0,42,8165,49,America/Sao_Paulo,ITAPIRANGA
4208450,Itapoá,-26.1158,-48.6182,0,42,9985,47,America/Sao_Paulo,ITAPOA
4208500,Ituporanga,-27.4101,-49.5963,0,42,8167,47,America/Sao_Paulo,ITUPORANGA
4208609,Jaborá,-27.1782,-51.7279,0,42,8169,49,America/Sao_Paulo,JABORA
4208708,Jacinto Machado,-28.9961,-49.7623,0,42,8171,48,America/Sao_Paulo,JACINTO MACHADO
4208807,Jaguaruna,-28.6146,-49.0296,0,42,8173,48,America/Sao_Paulo,JAGUARUNA
4208906,Jaraguá do Sul,-26.4851,-49.0713,0,42,8175,47,America/Sao_Paulo,JARAGUA DO SUL
4208955,Jardinópolis,-26.7191,-52.8625,0,42,5587,49,America/Sao_Paulo,JARDINOPOLIS
4209003,Joaçaba,-27.1721,-51.5108,0,42,8177,49,America/Sao_Paulo,JOACABA
4209102,Joinville,-26.3045,-48.8487,0,42,8179,47,America/Sao_Paulo,JOINVILLE
4209151,José Boiteux,-26.9566,-49.6286,0,42,9957,47,America/Sao_Paulo,JOSE BOITEUX
4209177,Jupiá,-26.395,-52.7298,0,42,924,49,America/Sao_Paulo,JUPIA
4209201,Lacerdópolis,-27.2579,-51.5577,0,42,8181,49,America/Sao_Paulo,LACERDOPOLIS
4209300,Lages,-27.815,-50.3259,0,42,8183,49,America/Sao_Paulo,LAGES
4209409,Laguna,-28.4843,-48.7772,0,42,8185,48,America/Sao_Paulo,LAGUNA
4209458,Lajeado Grande,-26.8576,-52.5648,0,42,5739,49,America/Sao_Paulo,LAJEADO GRANDE
4209508,Laurentino,-27.2173,-49.7331,0,42,8187,47,America/Sao_Paulo,LAURENTINO
4209607,Lauro Muller,-28.3859,-49.4035,0,42,8189,48,America/Sao_Paulo,LAURO MULLER
4209706,Lebon Régis,-26.928,-50.6921,0,42,8191,49,America/Sao_Paulo,LEBON REGIS
4209805,Leoberto Leal,-27.5081,-49.2789,0,42,8193,48,America/Sao_Paulo,LEOBERTO LEAL
4209854,Lindóia do Sul,-27.0545,-52.069,0,42,9961,49,America/Sao_Paulo,LINDOIA DO SUL
4209904,Lontras,-27.1684,-49.535,0,42,8195,47,America/Sao_Paulo,LONTRAS
4210001,Luiz Alves,-26.7151,-48.9322,0,42,8197,47,America/Sao_Paulo,LUIZ ALVES
4210035,Luzerna,-27.1304,-51.4682,0,42,926,49,America/Sao_Paulo,LUZERNA
4210050,Macieira,-26.8552,-51.3705,0,42,5575,49,America/Sao_Paulo,MACIEIRA
4210100,Mafra,-26.1159,-49.8086,0,42,8199,47,America/Sao_Paulo,MAFRA
4210209,Major Gercino,-27.4192,-48.9488,0,42,8201,48,America/Sao_Paulo,MAJOR GERCINO
4210308,Major Vieira,-26.3709,-50.3266,0,42,8203,47,America/Sao_Paulo,MAJOR VIEIRA
4210407,Maracajá,-28.8463,-49.4605,0,42,8391,48,America/Sao_Paulo,MARACAJA
4210506,Maravilha,-26.7665,-53.1737,0,42,8205,49,America/Sao_Paulo,MARAVILHA
4210555,Marema,-26.8024,-52.6264,0,42,9963,49,America/Sao_Paulo,MAREMA
4210605,Massaranduba,-26.6109,-49.0054,0,42,8207,47,America/Sao_Paulo,MASSARANDUBA
4210704,Matos Costa,-26.4709,-51.1501,0,42,8209,49,America/Sao_Paulo,MATOS COSTA
4210803,Meleiro,-28.8244,-49.6378,0,42,8211,48,America/Sao_Paulo,MELEIRO
4210852,Mirim Doce,-27.197,-50.0786,0,42,5559,47,America/Sao_Paulo,MIRIM DOCE
4210902,Modelo,-26.7729,-53.04,0,42,8213,49,America/Sao_Paulo,MODELO
4211009,Mondaí,-27.1008,-53.4032,0,42,8215,49,America/Sao_Paulo,MONDAI
4211058,Monte Carlo,-27.2239,-50.9808,0,42,5561,49,America/Sao_Paulo,MONTE CARLO
4211108,Monte Castelo,-26.461,-50.2327,0,42,8217,47,America/Sao_Paulo,MONTE CASTELO
4211207,Morro da Fumaça,-28.6511,-49.2169,0,42,8219,48,America/Sao_Paulo,MORRO DA FUMACA
4211256,Morro Grande,-28.8006,-49.7214,0,42,5539,48,America/Sao_Paulo,MORRO GRANDE
4211306,Navegantes,-26.8943,-48.6546,0,42,8221,47,America/Sao_Paulo,NAVEGANTES
4211405,Nova Erechim,-26.8982,-52.9066,0,42,8223,49,America/Sao_Paulo,NOVA ERECHIM
4211454,Nova Itaberaba,-26.9428,-52.8141,0,42,5589,49,America/Sao_Paulo,NOVA ITABERABA
4211504,Nova Trento,-27.278,-48.9298,0,42,8225,48,America/Sao_Paulo,NOVA TRENTO
4211603,Nova Veneza,-28.6338,-49.5055,0,42,8227,48,America/Sao_Paulo,NOVA VENEZA
4211652,Novo Horizonte,-26.4442,-52.8281,0,42,5591,49,America/Sao_Paulo,NOVO HORIZONTE
4211702,Orleans,-28.3487,-49.2986,0,42,8229,48,America/Sao_Paulo,ORLEANS
4211751,Otacílio Costa,-27.4789,-50.1231,0,42,8397,49,America/Sao_Paulo,OTACILIO COSTA
4211801,Ouro,-27.3379,-51.6194,0,42,8231,49,America/Sao_Paulo,OURO
4211850,Ouro Verde,-26.692,-52.3108,0,42,5741,49,America/Sao_Paulo,OURO VERDE
4211876,Paial,-27.2541,-52.4975,0,42,928,49,America/Sao_Paulo,PAIAL
4211892,Painel,-27.9234,-50.0972,0,42,930,49,America/Sao_Paulo,PAINEL
4211900,Palhoça,-27.6455,-48.6697,0,42,8233,48,America/Sao_Paulo,PALHOCA
4212007,Palma Sola,-26.3471,-53.2771,0,42,8235,49,America/Sao_Paulo,PALMA SOLA
4212056,Palmeira,-27.583,-50.1577,0,42,932,49,America/Sao_Paulo,PALMEIRA
4212106,Palmitos,-27.0702,-53.1586,0,42,8237,49,America/Sao_Paulo,PALMITOS
4212205,Papanduva,-26.3777,-50.1419,0,42,8239,47,America/Sao_Paulo,PAPANDUVA
4212239,Paraíso,-26.62,-53.6716,0,42,5747,49,America/Sao_Paulo,PARAISO
4212254,Passo de Torres,-29.3099,-49.722,0,42,5541,48,America/Sao_Paulo,PASSO DE TORRES
4212270,Passos Maia,-26.7829,-52.0568,0,42,5743,49,America/Sao_Paulo,PASSOS MAIA
4212304,Paulo Lopes,-27.9607,-48.6864,0,42,8241,48,America/Sao_Paulo,PAULO LOPES
4212403,Pedras Grandes,-28.4339,-49.1949,0,42,8243,48,America/Sao_Paulo,PEDRAS GRANDES
4212502,Penha,-26.7754,-48.6465,0,42,8245,47,America/Sao_Paulo,PENHA
4212601,Peritiba,-27.3754,-51.9018,0,42,8247,49,America/Sao_Paulo,PERITIBA
4212650,Pescaria Brava,-28.3966,-48.8864,0,42,1194,48,America/Sao_Paulo,PESCARIA BRAVA
4212700,Petrolândia,-27.5346,-49.6937,0,42,8249,47,America/Sao_Paulo,PETROLANDIA
4212908,Pinhalzinho,-26.8495,-52.9913,0,42,8253,49,America/Sao_Paulo,PINHALZINHO
4213005,Pinheiro Preto,-27.0483,-51.2243,0,42,8255,49,America/Sao_Paulo,PINHEIRO PRETO
4213104,Piratuba,-27.4242,-51.7668,0,42,8257,49,America/Sao_Paulo,PIRATUBA
4213153,Planalto Alegre,-27.0704,-52.867,0,42,5593,49,America/Sao_Paulo,PLANALTO ALEGRE
4213203,Pomerode,-26.7384,-49.1785,0,42,8259,47,America/Sao_Paulo,POMERODE
4213302,Ponte Alta,-27.4835,-50.3764,0,42,8261,49,America/Sao_Paulo,PONTE ALTA
4213351,Ponte Alta do Norte,-27.1591,-50.4659,0,42,5569,49,America/Sao_Paulo,PONTE ALTA DO NORTE
4213401,Ponte Serrada,-26.8733,-52.0112,0,42,8263,49,America/Sao_Paulo,PONTE SERRADA
4213500,Porto Belo,-27.1586,-48.5469,0,42,8265,47,America/Sao_Paulo,PORTO BELO
4213609,Porto União,-26.2451,-51.0759,0,42,8267,42,America/Sao_Paulo,PORTO UNIAO
4213708,Pouso Redondo,-27.2567,-49.9301,0,42,8269,47,America/Sao_Paulo,POUSO REDONDO
4213807,Praia Grande,-29.1918,-49.9525,0,42,8271,48,America/Sao_Paulo,PRAIA GRANDE
4213906,Presidente Castello Branco,-27.2218,-51.8089,0,42,8273,49,America/Sao_Paulo,PRESIDENTE CASTELLO BRANCO
4214003,Presidente Getúlio,-27.0474,-49.6246,0,42,8275,47,America/Sao_Paulo,PRESIDENTE GETULIO
4214102,Presidente Nereu,-27.2768,-49.3889,0,42,8277,47,America/Sao_Paulo,PRESIDENTE NEREU
4214151,Princesa,-26.4441,-53.5994,0,42,934,49,America/Sao_Paulo,PRINCESA
4214201,Quilombo,-26.7264,-52.724,0,42,8279,49,America/Sao_Paulo,QUILOMBO
4214300,Rancho Queimado,-27.6727,-49.0191,0,42,8281,48,America/Sao_Paulo,RANCHO QUEIMADO
4214409,Rio das Antas,-26.8946,-51.0674,0,42,8283,49,America/Sao_Paulo,RIO DAS ANTAS
4214508,Rio do Campo,-26.9452,-50.136,0,42,8285,47,America/Sao_Paulo,RIO DO CAMPO
4214607,Rio do Oeste,-27.1952,-49.7989,0,42,8287,47,America/Sao_Paulo,RIO DO OESTE
4214805,Rio do Sul,-27.2156,-49.643,0,42,8291,47,America/Sao_Paulo,RIO DO SUL
4214706,Rio dos Cedros,-26.7398,-49.2718,0,42,8289,47,America/Sao_Paulo,RIO DOS CEDROS
4214904,Rio Fortuna,-28.1244,-49.1068,0,42,8293,48,America/Sao_Paulo,RIO FORTUNA
4215000,Rio Negrinho,-26.2591,-49.5177,0,42,8295,47,America/Sao_Paulo,RIO NEGRINHO
4215059,Rio Rufino,-27.8592,-49.7754,0,42,5571,49,America/Sao_Paulo,RIO RUFINO
4215075,Riqueza,-27.0653,-53.3265,0,42,5749,49,America/Sao_Paulo,RIQUEZA
4215109,Rodeio,-26.9243,-49.3649,0,42,8297,47,America/Sao_Paulo,RODEIO
4215208,Romelândia,-26.6809,-53.3172,0,42,8299,49,America/Sao_Paulo,ROMELANDIA
4215307,Salete,-26.9798,-49.9988,0,42,8301,47,America/Sao_Paulo,SALETE
4215356,Saltinho,-26.6049,-53.0578,0,42,936,49,America/Sao_Paulo,SALTINHO
4215406,Salto Veloso,-26.903,-51.4043,0,42,8303,49,America/Sao_Paulo,SALTO VELOSO
4215455,Sangão,-28.6326,-49.1322,0,42,5547,48,America/Sao_Paulo,SANGAO
4215505,Santa Cecília,-26.9592,-50.4252,0,42,8305,49,America/Sao_Paulo,SANTA CECILIA
4215554,Santa Helena,-26.937,-53.6214,0,42,5751,49,America/Sao_Paulo,SANTA HELENA
4215604,Santa Rosa de Lima,-28.0331,-49.133,0,42,8307,48,America/Sao_Paulo,SANTA ROSA DE LIMA
4215653,Santa Rosa do Sul,-29.1313,-49.7109,0,42,9967,48,America/Sao_Paulo,SANTA ROSA DO SUL
4215679,Santa Terezinha,-26.7813,-50.009,0,42,5555,47,America/Sao_Paulo,SANTA TEREZINHA
4215687,Santa Terezinha do Progresso,-26.624,-53.1997,0,42,938,49,America/Sao_Paulo,SANTA TEREZINHA DO PROGRESSO
4215695,Santiago do Sul,-26.6388,-52.6799,0,42,940,49,America/Sao_Paulo,SANTIAGO DO SUL
4215703,Santo Amaro da Imperatriz,-27.6852,-48.7813,0,42,8309,48,America/Sao_Paulo,SANTO AMARO DA IMPERATRIZ
4215802,São Bento do Sul,-26.2495,-49.3831,0,42,8311,47,America/Sao_Paulo,SAO BENTO DO SUL
4215752,São Bernardino,-26.4739,-52.9687,0,42,942,49,America/Sao_Paulo,SAO BERNARDINO
4215901,São Bonifácio,-27.9009,-48.9326,0,42,8313,48,America/Sao_Paulo,SAO BONIFACIO
4216008,São Carlos,-27.0798,-53.0037,0,42,8315,49,America/Sao_Paulo,SAO CARLOS
4216057,São Cristovão do Sul,-27.2666,-50.4388,0,42,5573,49,America/Sao_Paulo,SAO CRISTOVAO DO SUL
4216107,São Domingos,-26.5548,-52.5313,0,42,8317,49,America/Sao_Paulo,SAO DOMINGOS
4216206,São Francisco do Sul,-26.2579,-48.6344,0,42,8319,47,America/Sao_Paulo,SAO FRANCISCO DO SUL
4216305,São João Batista,-27.2772,-48.8474,0,42,8321,48,America/Sao_Paulo,SAO JOAO BATISTA
4216354,São João do Itaperiú,-26.6213,-48.7683,0,42,5551,47,America/Sao_Paulo,SAO JOAO DO ITAPERIU
4216255,São João do Oeste,-27.0984,-53.5977,0,42,5753,49,America/Sao_Paulo,SAO JOAO DO OESTE
4216404,São João do Sul,-29.2154,-49.8094,0,42,8323,48,America/Sao_Paulo,SAO JOAO DO SUL
4216503,São Joaquim,-28.2887,-49.9457,0,42,8325,49,America/Sao_Paulo,SAO JOAQUIM
4216602,São José,-27.6136,-48.6366,0,42,8327,48,America/Sao_Paulo,SAO JOSE
4216701,São José do Cedro,-26.4561,-53.4955,0,42,8329,49,America/Sao_Paulo,SAO JOSE DO CEDRO
4216800,São José do Cerrito,-27.6602,-50.5733,0,42,8331,49,America/Sao_Paulo,SAO JOSE DO CERRITO
4216909,São Lourenço do Oeste,-26.3557,-52.8498,0,42,8333,49,America/Sao_Paulo,SAO LOURENCO DO OESTE
4217006,São Ludgero,-28.3144,-49.1806,0,42,8335,48,America/Sao_Paulo,SAO LUDGERO
4217105,São Martinho,-28.1609,-48.9867,0,42,8337,48,America/Sao_Paulo,SAO MARTINHO
4217154,São Miguel da Boa Vista,-26.687,-53.2511,0,42,5755,49,America/Sao_Paulo,SAO MIGUEL DA BOA VISTA
4217204,São Miguel do Oeste,-26.7242,-53.5163,0,42,8339,49,America/Sao_Paulo,SAO MIGUEL DO OESTE
4217253,São Pedro de Alcântara,-27.5665,-48.8048,0,42,944,48,America/Sao_Paulo,SAO PEDRO DE ALCANTARA
4217303,Saudades,-26.9317,-53.0021,0,42,8341,49,America/Sao_Paulo,SAUDADES
4217402,Schroeder,-26.4116,-49.074,0,42,8343,47,America/Sao_Paulo,SCHROEDER
4217501,Seara,-27.1564,-52.299,0,42,8345,49,America/Sao_Paulo,SEARA
4217550,Serra Alta,-26.7229,-53.0409,0,42,9989,49,America/Sao_Paulo,SERRA ALTA
4217600,Siderópolis,-28.5955,-49.4314,0,42,8347,48,America/Sao_Paulo,SIDEROPOLIS
4217709,Sombrio,-29.108,-49.6328,0,42,8349,48,America/Sao_Paulo,SOMBRIO
4217758,Sul Brasil,-26.7351,-52.964,0,42,5595,49,America/Sao_Paulo,SUL BRASIL
4217808,Taió,-27.121,-49.9942,0,42,8351,47,America/Sao_Paulo,TAIO
4217907,Tangará,-27.0996,-51.2473,0,42,8353,49,America/Sao_Paulo,TANGARA
4217956,Tigrinhos,-26.6876,-53.1545,0,42,946,49,America/Sao_Paulo,TIGRINHOS
4218004,Tijucas,-27.2354,-48.6322,0,42,8355,48,America/Sao_Paulo,TIJUCAS
4218103,Timbé do Sul,-28.8287,-49.842,0,42,8393,48,America/Sao_Paulo,TIMBE DO SUL
4218202,Timbó,-26.8246,-49.269,0,42,8357,47,America/Sao_Paulo,TIMBO
4218251,Timbó Grande,-26.6127,-50.6607,0,42,9971,49,America/Sao_Paulo,TIMBO GRANDE
4218301,Três Barras,-26.1056,-50.3197,0,42,8359,47,America/Sao_Paulo,TRES BARRAS
4218350,Treviso,-28.5097,-49.4634,0,42,948,48,America/Sao_Paulo,TREVISO
4218400,Treze de Maio,-28.5537,-49.1565,0,42,8361,48,America/Sao_Paulo,TREZE DE MAIO
4218509,Treze Tílias,-27.0026,-51.4084,0,42,8363,49,America/Sao_Paulo,TREZE TILIAS
4218608,Trombudo Central,-27.3033,-49.793,0,42,8365,47,America/Sao_Paulo,TROMBUDO CENTRAL
4218707,Tubarão,-28.4713,-49.0144,0,42,8367,48,America/Sao_Paulo,TUBARAO
4218756,Tunápolis,-26.9681,-53.6417,0,42,9991,49,America/Sao_Paulo,TUNAPOLIS
4218806,Turvo,-28.9272,-49.6831,0,42,8369,48,America/Sao_Paulo,TURVO
4218855,União do Oeste,-26.762,-52.8541,0,42,9973,49,America/Sao_Paulo,UNIAO DO OESTE
4218905,Urubici,-28.0157,-49.5925,0,42,8371,49,America/Sao_Paulo,URUBICI
4218954,Urupema,-27.9557,-49.8729,0,42,9975,49,America/Sao_Paulo,URUPEMA
4219002,Urussanga,-28.518,-49.3238,0,42,8373,48,America/Sao_Paulo,URUSSANGA
4219101,Vargeão,-26.8621,-52.1549,0,42,8375,49,America/Sao_Paulo,VARGEAO
4219150,Vargem,-27.4867,-50.9724,0,42,5563,49,America/Sao_Paulo,VARGEM
4219176,Vargem Bonita,-27.0055,-51.7402,0,42,5565,49,America/Sao_Paulo,VARGEM BONITA
4219200,Vidal Ramos,-27.3886,-49.3593,0,42,8377,47,America/Sao_Paulo,VIDAL RAMOS
4219309,Videira,-27.0086,-51.1543,0,42,8379,49,America/Sao_Paulo,VIDEIRA
4219358,Vitor Meireles,-26.8782,-49.8328,0,42,9977,47,America/Sao_Paulo,VITOR MEIRELES
4219408,Witmarsum,-26.9275,-49.7947,0,42,8381,47,America/Sao_Paulo,WITMARSUM
4219507,Xanxerê,-26.8747,-52.4036,0,42,8383,49,America/Sao_Paulo,XANXERE
4219606,Xavantina,-27.0667,-52.343,0,42,8385,49,America/Sao_Paulo,XAVANTINA
4219705,Xaxim,-26.9596,-52.5374,0,42,8387,49,America/Sao_Paulo,XAXIM
4219853,Zortéa,-27.4521,-51.552,0,42,950,49,America/Sao_Paulo,ZORTEA
